{
    "playerPos": {
        "x": -5.550692558288574,
        "y": -3.984999895095825,
        "z": 0.0
    },
    "cameraPos": {
        "x": -5.550693988800049,
        "y": -2.2119998931884767,
        "z": -10.0
    }
}